1,Surya teja,66,9375276543,Narasaraopeta,2024-02-16 22:35:43.200782
2,Alice Smith,28,1234567890,London,2024-02-26 12:43:31.645782
3,ALICE JOHNSON,67,9123456789,Paris,2024-02-06 10:42:47.803013
4,BOB WHITE,46,9234567890,Tokyo,2024-02-09 07:12:09.962499
5,EMMA GREEN,63,9345678901,Sydney,2024-02-16 03:52:41.885694
6,JAMES BROWN,37,9456789012,Berlin,2024-02-19 16:45:39.274983
7,EMILY MOORE,35,9567890123,Madrid,2024-02-09 01:41:50.507546
8,CHARLES JONES,95,9678901234,Rome,2024-02-04 15:53:22.360748
9,SOPHIA TAYLOR,33,9789012345,New York,2024-02-12 09:42:47.855183
10,MICHAEL MARTIN,66,9890123456,Los Angeles,2024-02-07 05:43:15.50456
11,MIA ANDERSON,43,9901234567,Chicago,2024-02-20 13:06:47.338216
12,DAVID THOMAS,36,9912345678,San Francisco,2024-02-26 05:18:00.380931
13,OLIVIA HERNANDEZ,22,9923456789,Houston,2024-02-28 06:15:42.018166
14,WILLIAM LOPEZ,38,9934567890,Dallas,2024-02-13 05:05:43.206416
15,AVA GONZALEZ,80,9945678901,Miami,2024-02-17 02:27:12.299488
16,ALEXANDER PEREZ,25,9956789012,Boston,2024-01-31 03:39:26.209403
17,SOPHIA TAYLOR,83,9967890123,Seattle,2024-02-03 01:43:22.950179
18,MIA ANDERSON,57,9978901234,Denver,2024-02-04 12:28:35.220044
19,DAVID THOMAS,46,9989012345,Portland,2024-02-17 00:29:55.668219
20,OLIVIA HERNANDEZ,50,9990123456,Austin,2024-02-06 23:35:15.705638
21,WILLIAM LOPEZ,69,1001234567,San Diego,2024-02-23 17:51:04.10043
22,AVA GONZALEZ,26,1002345678,San Antonio,2024-02-15 12:55:05.615753
23,ALEXANDER PEREZ,37,1003456789,Phoenix,2024-02-11 00:24:08.455593
24,SOPHIA TAYLOR,21,1004567890,Las Vegas,2024-02-03 19:59:30.083098
25,MIA ANDERSON,64,1005678901,Philadelphia,2024-02-16 10:34:00.472509
26,DAVID THOMAS,40,1006789012,Detroit,2024-02-17 01:43:24.649607
27,OLIVIA HERNANDEZ,73,1007890123,Minneapolis,2024-02-07 10:20:01.550089
28,WILLIAM LOPEZ,42,1008901234,Atlanta,2024-02-24 06:47:06.655689
29,AVA GONZALEZ,66,1009012345,New Orleans,2024-02-02 17:55:14.326672
30,ALEXANDER PEREZ,61,1010123456,Nashville,2024-01-31 12:01:42.027886
31,SOPHIA TAYLOR,56,1011234567,Honolulu,2024-02-07 15:42:21.936341
32,MIA ANDERSON,19,1012345678,Anchorage,2024-02-21 16:26:24.584033
33,DAVID THOMAS,90,1013456789,Salt Lake City,2024-02-17 10:45:37.612357
34,OLIVIA HERNANDEZ,61,1014567890,Boise,2024-02-09 21:22:59.111176
35,WILLIAM LOPEZ,48,1015678901,Kansas City,2024-02-17 15:14:18.602737
36,AVA GONZALEZ,84,1016789012,St. Louis,2024-02-26 20:25:34.068678
37,ALEXANDER PEREZ,18,1017890123,Dallas,2024-02-12 01:21:38.906073
38,SOPHIA TAYLOR,89,1018901234,Chicago,2024-02-10 00:09:25.41869
39,MIA ANDERSON,22,1019012345,San Francisco,2024-02-23 21:10:50.175993
40,DAVID THOMAS,41,1020123456,Los Angeles,2024-02-07 03:52:22.667627
41,OLIVIA HERNANDEZ,72,1021234567,New York,2024-02-14 02:36:28.704503
42,WILLIAM LOPEZ,91,1022345678,London,2024-02-12 23:17:05.37955
43,AVA GONZALEZ,83,1023456789,Paris,2024-02-06 01:04:28.709174
44,ALEXANDER PEREZ,91,1024567890,Tokyo,2024-02-17 22:25:16.027863
45,SOPHIA TAYLOR,35,1025678901,Sydney,2024-02-11 23:51:37.928232
46,MIA ANDERSON,37,1026789012,Berlin,2024-02-24 13:04:23.647718
47,DAVID THOMAS,88,1027890123,Madrid,2024-02-25 20:28:45.95931
48,OLIVIA HERNANDEZ,26,1028901234,Rome,2024-02-13 12:56:43.274635
49,WILLIAM LOPEZ,96,1029012345,New York,2024-02-21 15:34:05.779638
50,AVA GONZALEZ,50,1030123456,Los Angeles,2024-02-18 14:27:17.063107


